workload,group,stage,n,p50_ms,p95_ms,raw_ms,calls
main,fresh,drawing.ingest,5,441.6658,448.13280000000003,"[441.6658, 448.5459, 437.6672, 430.4304, 446.4804]","[1, 1, 1, 1, 1]"
main,fresh,drawing.source_facts,5,8.5174,9.452580000000001,"[8.5174, 8.8525, 8.3575, 8.2064, 9.6026]","[1, 1, 1, 1, 1]"
main,fresh,native.checkpoint,5,6009.5252,6115.08924,"[6009.5252, 5981.7856, 5950.8359, 6132.6254, 6044.9446]","[1, 1, 1, 1, 1]"
main,fresh,native.close,5,1882.8316,1904.748,"[1855.9677, 1889.5764, 1882.8316, 1908.5409, 1873.6784]","[7, 7, 7, 7, 7]"
main,fresh,native.execute,5,22323.7553,22596.02018,"[22259.2041, 22226.5023, 22601.3322, 22574.7721, 22323.7553]","[1, 1, 1, 1, 1]"
main,fresh,native.feature_com,5,4227.6906,4250.7971,"[4207.0617, 4078.5443, 4251.7716, 4227.6906, 4246.8991]","[4, 4, 4, 4, 4]"
main,fresh,native.inspect,5,15295.670699999999,15779.16492,"[14300.604299999999, 15295.670699999999, 15845.9789, 15511.909, 15200.1807]","[3, 3, 3, 3, 3]"
main,fresh,native.open,5,7396.3431,7465.76016,"[7363.0118999999995, 7343.5386, 7396.3431, 7436.9403999999995, 7472.965099999999]","[5, 5, 5, 5, 5]"
main,fresh,native.projection,5,4158.5804,4200.1842400000005,"[4153.8943, 4200.0428, 4200.2196, 4134.3295, 4158.5804]","[1, 1, 1, 1, 1]"
main,fresh,native.rebuild,5,648.2529000000001,676.60728,"[647.0121, 631.9688, 648.2529000000001, 671.6487999999999, 677.8469]","[5, 5, 5, 5, 5]"
main,fresh,native.save,5,624.0466,691.5611999999999,"[624.0466, 625.6944, 708.0278999999999, 619.2052, 623.1064]","[3, 3, 3, 3, 3]"
main,fresh,native.section,5,2103.6975,2117.08052,"[2098.7263, 2112.5142, 2103.6975, 2118.2221, 2089.28]","[1, 1, 1, 1, 1]"
main,fresh,native.source_verification,5,503.467,513.88128,"[500.5068, 503.467, 515.9426, 503.4158, 505.63599999999997]","[3, 3, 3, 3, 3]"
main,fresh,plan.compile,5,12.4903,14.58644,"[14.9428, 12.4903, 11.8817, 13.161, 12.4139]","[1, 1, 1, 1, 1]"
main,fresh,review.projection,5,25.1423,27.279819999999997,"[24.9522, 24.66, 27.3346, 25.1423, 27.0607]","[3, 3, 3, 3, 3]"
main,fresh,review.section,5,73.0755,80.89397999999998,"[72.8679, 71.818, 75.9183, 73.0755, 82.13789999999999]","[3, 3, 3, 3, 3]"
main,warm,drawing.ingest,5,354.0508,357.49634,"[355.0741, 358.1019, 347.6893, 354.0508, 349.3444]","[1, 1, 1, 1, 1]"
main,warm,drawing.source_facts,5,0.1642,0.25722,"[0.261, 0.2421, 0.1198, 0.1642, 0.1153]","[1, 1, 1, 1, 1]"
main,warm,native.checkpoint,5,5905.9362,7036.09548,"[5905.9362, 5768.4571, 5866.2322, 6317.7906, 7215.6717]","[1, 1, 1, 1, 1]"
main,warm,native.close,5,1893.4822,1911.9093,"[1893.4822, 1914.0007, 1854.3544, 1859.6327, 1903.5437]","[7, 7, 7, 7, 7]"
main,warm,native.execute,5,22813.645,24533.31366,"[22321.5039, 24774.5822, 22435.5172, 22813.645, 23568.2395]","[1, 1, 1, 1, 1]"
main,warm,native.feature_com,5,4024.8046,5970.901599999999,"[4024.8046, 6456.0657, 3967.8316999999997, 4030.2452, 4019.8269999999998]","[4, 4, 4, 4, 4]"
main,warm,native.inspect,5,15258.298,16316.73808,"[15029.1534, 15285.169600000001, 15223.1833, 15258.298, 16574.6302]","[3, 3, 3, 3, 3]"
main,warm,native.open,5,7531.9935000000005,7568.6185,"[7449.2853, 7531.9935000000005, 7562.9160999999995, 7570.0441, 7431.0543]","[5, 5, 5, 5, 5]"
main,warm,native.projection,5,4087.9285,4947.7757599999995,"[4049.0779, 4063.0927, 5139.0144, 4182.8212, 4087.9285]","[1, 1, 1, 1, 1]"
main,warm,native.rebuild,5,640.7665,662.58118,"[637.7039, 640.7665, 667.5394, 639.572, 642.7483]","[5, 5, 5, 5, 5]"
main,warm,native.save,5,619.8979999999999,627.7487,"[619.8979999999999, 592.9071, 626.9387, 627.9512, 604.3223]","[3, 3, 3, 3, 3]"
main,warm,native.section,5,2144.5095,2157.8353,"[2156.6365, 2109.3798, 2144.5095, 2158.135, 2097.6238]","[1, 1, 1, 1, 1]"
main,warm,native.source_verification,5,492.995,525.92764,"[492.995, 507.3638, 530.5686, 490.6395, 481.19899999999996]","[3, 3, 3, 3, 3]"
main,warm,plan.compile,5,0.206,0.29174,"[0.2515, 0.206, 0.3018, 0.2042, 0.1805]","[1, 1, 1, 1, 1]"
main,warm,review.projection,5,0.21300000000000002,0.32604,"[0.3298, 0.311, 0.1978, 0.21300000000000002, 0.137]","[3, 3, 3, 3, 3]"
main,warm,review.section,5,2.9806999999999997,9.22344,"[3.4088000000000003, 10.677100000000001, 2.9806999999999997, 2.8674999999999997, 2.635]","[3, 3, 3, 3, 3]"
main,local_modified,drawing.ingest,5,369.0129,387.49918,"[362.7616, 381.3531, 389.0357, 369.0129, 349.3662]","[1, 1, 1, 1, 1]"
main,local_modified,drawing.source_facts,5,0.1082,0.12376000000000001,"[0.1043, 0.1082, 0.1262, 0.1058, 0.114]","[1, 1, 1, 1, 1]"
main,local_modified,native.checkpoint,5,5822.1419,7178.406779999999,"[7383.6051, 5705.3093, 6357.6135, 5712.57, 5822.1419]","[1, 1, 1, 1, 1]"
main,local_modified,native.close,5,1920.8079,1960.82708,"[1898.4355, 1963.5138, 1920.8079, 1893.5355, 1950.0802]","[7, 7, 7, 7, 7]"
main,local_modified,native.execute,5,22935.5344,24971.527380000003,"[24080.2305, 22217.9176, 22935.5344, 22376.9914, 25194.3516]","[1, 1, 1, 1, 1]"
main,local_modified,native.feature_com,5,4052.5755,6249.54616,"[4052.5755, 4050.0501, 4043.1655, 4132.3387999999995, 6778.848]","[4, 4, 4, 4, 4]"
main,local_modified,native.inspect,5,15268.7556,15431.0054,"[15467.2837, 15113.6049, 15285.892199999998, 15268.7556, 15147.5839]","[3, 3, 3, 3, 3]"
main,local_modified,native.open,5,7582.0585,7745.88632,"[7774.3808, 7525.9636, 7440.8556, 7631.9084, 7582.0585]","[5, 5, 5, 5, 5]"
main,local_modified,native.projection,5,4172.2011,5062.906679999999,"[4133.3478, 5272.4373, 4172.2011, 4054.8702, 4224.7842]","[1, 1, 1, 1, 1]"
main,local_modified,native.rebuild,5,645.5671,659.57014,"[654.9146999999999, 639.1828, 660.734, 635.5071, 645.5671]","[5, 5, 5, 5, 5]"
main,local_modified,native.save,5,607.6042,618.04458,"[619.0938, 594.6037, 602.8318, 607.6042, 613.8477]","[3, 3, 3, 3, 3]"
main,local_modified,native.section,5,2211.0145,2230.08026,"[2187.9229, 2214.4965, 2138.8921, 2211.0145, 2233.9762]","[1, 1, 1, 1, 1]"
main,local_modified,native.source_verification,5,503.8917,523.49364,"[498.757, 484.3604, 518.5558, 524.7281, 503.8917]","[3, 3, 3, 3, 3]"
main,local_modified,plan.compile,5,0.1807,0.22977999999999998,"[0.1889, 0.141, 0.24, 0.1748, 0.1807]","[1, 1, 1, 1, 1]"
main,local_modified,review.projection,5,0.1501,0.19563999999999998,"[0.2029, 0.1416, 0.1198, 0.1501, 0.1666]","[3, 3, 3, 3, 3]"
main,local_modified,review.section,5,2.7592,2.8798,"[2.8942, 2.6772, 2.5109, 2.7592, 2.8222]","[3, 3, 3, 3, 3]"
review_repair,fresh,native.close,5,6835.9179,6890.76976,"[6766.9145, 6837.4796, 6772.5741, 6904.0923, 6835.9179]","[29, 29, 29, 29, 29]"
review_repair,fresh,native.execute,5,21278.6741,21403.82678,"[21201.279300000002, 21410.3113, 21278.6741, 21233.795700000002, 21377.8887]","[3, 3, 3, 3, 3]"
review_repair,fresh,native.feature_com,5,6937.9304,7064.2310800000005,"[6817.8192, 7090.8166, 6957.889, 6922.7258, 6937.9304]","[12, 12, 12, 12, 12]"
review_repair,fresh,native.inspect,5,12732.0353,12839.23586,"[12575.046, 12780.5609, 12732.0353, 12678.228500000001, 12853.9046]","[7, 7, 7, 7, 7]"
review_repair,fresh,native.observation,5,1761.2574,1771.07744,"[1744.0052, 1761.2574, 1763.4964, 1772.9727, 1744.4346]","[1, 1, 1, 1, 1]"
review_repair,fresh,native.open,5,7401.5176,7424.09616,"[7334.461, 7427.5404, 7343.1026, 7410.3192, 7401.5176]","[17, 17, 17, 17, 17]"
review_repair,fresh,native.projection,5,15723.3945,16088.38908,"[15692.9044, 15723.3945, 15618.2654, 16155.2998, 15820.7462]","[9, 9, 9, 9, 9]"
review_repair,fresh,native.rebuild,5,536.7785,543.13462,"[532.1011, 536.7785, 536.1544, 543.6692, 540.9963]","[12, 12, 12, 12, 12]"
review_repair,fresh,native.save,5,869.4435,913.2588000000001,"[918.9608000000001, 867.9324, 856.7798, 890.4508000000001, 869.4435]","[6, 6, 6, 6, 6]"
review_repair,fresh,observation.decide,5,1801.058,1812.3014,"[1784.6000999999999, 1801.058, 1805.2562, 1814.0627000000002, 1784.6980999999998]","[3, 3, 3, 3, 3]"
review_repair,fresh,repair.prepare,5,4.5584,5.1878400000000005,"[4.5584, 4.76, 5.2948, 4.5329, 4.5002]","[1, 1, 1, 1, 1]"
review_repair,fresh,repair.validate,5,2.0217,2.194,"[2.0217, 2.2340999999999998, 2.0336, 1.8887, 1.9486999999999999]","[6, 6, 6, 6, 6]"
review_repair,fresh,review.coverage,5,7.6906,8.440280000000001,"[7.6034999999999995, 7.6906, 7.3607000000000005, 7.9834, 8.5545]","[2, 2, 2, 2, 2]"
review_repair,fresh,review.diff,5,1.5272,1.6895,"[1.4867, 1.6691, 1.6945999999999999, 1.5124, 1.5272]","[6, 6, 6, 6, 6]"
review_repair,fresh,review.projection,5,10.8626,11.30962,"[10.573, 10.4584, 10.8626, 11.0205, 11.3819]","[2, 2, 2, 2, 2]"
review_repair,warm,native.close,5,7049.8209,7204.8567,"[6869.5553, 7124.8911, 7049.8209, 6982.7575, 7224.8481]","[29, 29, 29, 29, 29]"
review_repair,warm,native.execute,5,21236.1949,21540.950979999998,"[21116.742599999998, 21381.3577, 21236.1949, 21217.6966, 21580.849299999998]","[3, 3, 3, 3, 3]"
review_repair,warm,native.feature_com,5,6943.1956,7137.1113000000005,"[6889.5433, 7081.0197, 6943.1956, 6898.966899999999, 7151.1342]","[12, 12, 12, 12, 12]"
review_repair,warm,native.inspect,5,12815.9949,13452.094360000001,"[12803.0227, 13253.2582, 12752.228000000001, 12815.9949, 13501.8034]","[7, 7, 7, 7, 7]"
review_repair,warm,native.observation,5,1766.8949,1778.24144,"[1772.8464, 1766.8949, 1765.3878, 1735.2113, 1779.5902]","[1, 1, 1, 1, 1]"
review_repair,warm,native.open,5,7637.0811,7804.6822,"[7637.0811, 7814.2694, 7474.0319, 7523.3568, 7766.3333999999995]","[17, 17, 17, 17, 17]"
review_repair,warm,native.projection,5,16203.8965,16712.597859999998,"[16043.1528, 16606.8297, 16024.9138, 16203.8965, 16739.0399]","[9, 9, 9, 9, 9]"
review_repair,warm,native.rebuild,5,555.7406,566.1862199999999,"[532.9733, 559.1183, 555.7406, 547.4346, 567.9531999999999]","[12, 12, 12, 12, 12]"
review_repair,warm,native.save,5,885.8568,897.22072,"[881.7565, 876.9014, 897.6326, 895.5732, 885.8568]","[6, 6, 6, 6, 6]"
review_repair,warm,observation.decide,5,1784.8328999999999,1796.68432,"[1791.8088, 1784.8328999999999, 1783.8108, 1754.2566, 1797.9032000000002]","[3, 3, 3, 3, 3]"
review_repair,warm,repair.prepare,5,0.2076,0.26768000000000003,"[0.2701, 0.258, 0.1812, 0.2076, 0.1973]","[1, 1, 1, 1, 1]"
review_repair,warm,repair.validate,5,0.9158,0.98402,"[0.9896, 0.9158, 0.8219, 0.9617, 0.906]","[6, 6, 6, 6, 6]"
review_repair,warm,review.coverage,5,0.1925,0.25973999999999997,"[0.2755, 0.1925, 0.1553, 0.19669999999999999, 0.1618]","[2, 2, 2, 2, 2]"
review_repair,warm,review.diff,5,0.2187,0.23686,"[0.238, 0.2323, 0.204, 0.1989, 0.2187]","[6, 6, 6, 6, 6]"
review_repair,warm,review.projection,5,0.3126,0.39875999999999995,"[0.419, 0.31779999999999997, 0.3126, 0.3073, 0.25880000000000003]","[2, 2, 2, 2, 2]"
review_repair,local_modified,native.close,5,9412.0554,9521.910600000001,"[9534.6386, 9364.0941, 9280.7736, 9412.0554, 9470.9986]","[29, 29, 29, 29, 29]"
review_repair,local_modified,native.execute,5,23490.0827,24064.26904,"[24107.9935, 23889.3712, 23104.788800000002, 23292.1167, 23490.0827]","[3, 3, 3, 3, 3]"
review_repair,local_modified,native.feature_com,5,7955.1234,8251.8971,"[8290.4184, 8097.8119, 7722.9758999999995, 7873.9239, 7955.1234]","[12, 12, 12, 12, 12]"
review_repair,local_modified,native.inspect,5,16492.8884,18082.997079999997,"[18431.853199999998, 16492.8884, 16201.7865, 16185.9553, 16687.5726]","[7, 7, 7, 7, 7]"
review_repair,local_modified,native.observation,5,1971.5872,2002.7755,"[1958.5329, 2007.4806, 1971.5872, 1983.9551, 1953.4378]","[1, 1, 1, 1, 1]"
review_repair,local_modified,native.open,5,10484.3797,10623.1129,"[10484.3797, 10464.9512, 10288.7148, 10492.4961, 10655.7671]","[17, 17, 17, 17, 17]"
review_repair,local_modified,native.projection,5,21792.6979,22267.95016,"[21792.6979, 21697.7241, 21408.9792, 21937.8556, 22350.4738]","[9, 9, 9, 9, 9]"
review_repair,local_modified,native.rebuild,5,693.3670999999999,707.2697000000001,"[707.8124, 705.0989, 693.3670999999999, 679.2845, 680.1609]","[12, 12, 12, 12, 12]"
review_repair,local_modified,native.save,5,1115.4165,1214.70184,"[1230.9944, 1149.5316, 1115.4165, 1080.9246, 1068.6167]","[6, 6, 6, 6, 6]"
review_repair,local_modified,observation.decide,5,1992.6844999999998,2022.9686199999999,"[1979.3449, 2027.5934, 1992.6844999999998, 2004.4695, 1974.0033]","[3, 3, 3, 3, 3]"
review_repair,local_modified,repair.prepare,5,0.2371,0.30682000000000004,"[0.3078, 0.3029, 0.2371, 0.2255, 0.204]","[1, 1, 1, 1, 1]"
review_repair,local_modified,repair.validate,5,1.0152999999999999,1.1955,"[1.2295, 1.0066, 1.0594999999999999, 1.0034, 1.0152999999999999]","[6, 6, 6, 6, 6]"
review_repair,local_modified,review.coverage,5,0.2343,0.29204,"[0.277, 0.2958, 0.1752, 0.2343, 0.1839]","[2, 2, 2, 2, 2]"
review_repair,local_modified,review.diff,5,0.2819,0.33404,"[0.3448, 0.2658, 0.2338, 0.2819, 0.291]","[6, 6, 6, 6, 6]"
review_repair,local_modified,review.projection,5,0.3853,0.47672000000000003,"[0.47640000000000005, 0.4768, 0.3629, 0.3853, 0.34850000000000003]","[2, 2, 2, 2, 2]"
